{
    "Modules": {
        "RCA_0001": {
            "end_perf": [
                0.67212803312577307,
                0.38830300000000001,
                0.057356999999999998,
                204068,
                214740
            ],
            "start_perf": [
                0.65913503314368427,
                0.37530999999999998,
                0.057356999999999998,
                204068,
                214740,
                1671807459.7764211
            ],
            "Compiled": "Yes",
            "nQuads": 774,
            "Compiled Times": 1,
            "nMops": 2351
        },
        "...MASTER...": {
            "end_perf": [
                0.61993403313681483,
                0.33712500000000001,
                0.056341000000000002,
                203676,
                214740
            ],
            "start_perf": [
                0.61703903309535235,
                0.33712500000000001,
                0.053446,
                201584,
                214740,
                1671807459.7343249
            ],
            "nQuads": 13,
            "nMops": 13
        },
        "RCA_0005": {
            "end_perf": [
                0.68356503313407302,
                0.39973900000000001,
                0.057356999999999998,
                204068,
                214740
            ],
            "start_perf": [
                0.6721620331518352,
                0.38833699999999999,
                0.057356999999999998,
                204068,
                214740,
                1671807459.789448
            ],
            "Compiled": "Yes",
            "nQuads": 555,
            "Compiled Times": 1,
            "nMops": 1757
        },
        "std": {
            "end_perf": [
                0.62744303315412253,
                0.34369300000000003,
                0.057282,
                203936,
                214740
            ],
            "start_perf": [
                0.61999703315086663,
                0.33712500000000001,
                0.056404000000000003,
                203676,
                214740,
                1671807459.737283
            ],
            "Compiled": "Yes",
            "nQuads": 218,
            "Compiled Times": 1,
            "nMops": 515
        },
        "karastuba_12bit_test": {
            "end_perf": [
                0.8384520331164822,
                0.55462699999999998,
                0.057356999999999998,
                206004,
                214740
            ],
            "start_perf": [
                0.83303003315813839,
                0.54920400000000003,
                0.057356999999999998,
                206004,
                214740,
                1671807459.950316
            ],
            "Compiled": "Yes",
            "nQuads": 178,
            "Compiled Times": 1,
            "nMops": 555
        },
        "RCA_0008": {
            "end_perf": [
                0.72154803317971528,
                0.437722,
                0.057356999999999998,
                204012,
                214740
            ],
            "start_perf": [
                0.69926903315354139,
                0.41544500000000001,
                0.057356999999999998,
                204076,
                214740,
                1671807459.816555
            ],
            "Compiled": "Yes",
            "nQuads": 1872,
            "Compiled Times": 1,
            "nMops": 5358
        },
        "tb_fp16MAC": {
            "end_perf": [
                0.64841603313107044,
                0.364595,
                0.057352,
                203872,
                214740
            ],
            "start_perf": [
                0.62747703318018466,
                0.343723,
                0.057286999999999998,
                203936,
                214740,
                1671807459.7447629
            ],
            "Compiled": "Yes",
            "nQuads": 2525,
            "Compiled Times": 1,
            "nMops": 3729
        },
        "karastuba_11bit_test": {
            "end_perf": [
                0.83299403311684728,
                0.54916799999999999,
                0.057356999999999998,
                206004,
                214740
            ],
            "start_perf": [
                0.79607603314798325,
                0.51225100000000001,
                0.057356999999999998,
                204336,
                214740,
                1671807459.913362
            ],
            "Compiled": "Yes",
            "nQuads": 2573,
            "Compiled Times": 1,
            "nMops": 8669
        },
        "RCA_0006": {
            "end_perf": [
                0.69923603313509375,
                0.41541,
                0.057356999999999998,
                204076,
                214740
            ],
            "start_perf": [
                0.68359903316013515,
                0.39977400000000002,
                0.057356999999999998,
                204068,
                214740,
                1671807459.800885
            ],
            "Compiled": "Yes",
            "nQuads": 1066,
            "Compiled Times": 1,
            "nMops": 3179
        },
        "RCA_0000": {
            "end_perf": [
                0.65910103311762214,
                0.375276,
                0.057356999999999998,
                204068,
                214740
            ],
            "start_perf": [
                0.64845103316474706,
                0.36462699999999998,
                0.057356999999999998,
                203872,
                214740,
                1671807459.7657371
            ],
            "Compiled": "Yes",
            "nQuads": 482,
            "Compiled Times": 1,
            "nMops": 1595
        },
        "RCA_0009": {
            "end_perf": [
                0.74078403308521956,
                0.45695799999999998,
                0.057356999999999998,
                204012,
                214740
            ],
            "start_perf": [
                0.72158203308936208,
                0.43775700000000001,
                0.057356999999999998,
                204012,
                214740,
                1671807459.8388679
            ],
            "Compiled": "Yes",
            "nQuads": 1504,
            "Compiled Times": 1,
            "nMops": 4367
        },
        "vedic_4bit": {
            "end_perf": [
                0.77432203316129744,
                0.49049599999999999,
                0.057356999999999998,
                204144,
                214740
            ],
            "start_perf": [
                0.74081903311889619,
                0.45699499999999998,
                0.057356999999999998,
                204012,
                214740,
                1671807459.8581049
            ],
            "Compiled": "Yes",
            "nQuads": 1804,
            "Compiled Times": 1,
            "nMops": 5822
        },
        "karastuba_6bit": {
            "end_perf": [
                0.79198003315832466,
                0.50815399999999999,
                0.057356999999999998,
                204080,
                214740
            ],
            "start_perf": [
                0.77436003310140222,
                0.490535,
                0.057356999999999998,
                204144,
                214740,
                1671807459.8916459
            ],
            "Compiled": "Yes",
            "nQuads": 994,
            "Compiled Times": 1,
            "nMops": 3547
        },
        "encoder_a": {
            "end_perf": [
                0.8806980331428349,
                0.59687100000000004,
                0.057356999999999998,
                205620,
                214740
            ],
            "start_perf": [
                0.87397403316572309,
                0.59014900000000003,
                0.057356999999999998,
                205364,
                214740,
                1671807459.9912601
            ],